PassengerId,FinalPrediction,FinalProbability,SeedVariance,SeedStdDev,SeedAgreement,MinProb,MaxProb,ProbRange
892,0,0.15157596822809416,0.0002510455177972496,0.015844415981576904,1.0,0.12928092533986127,0.18407740797200237,0.0547964826321411
893,0,0.4794699065592072,0.0003711816291918016,0.01926607456623693,0.8,0.44968043121276025,0.5095913334778136,0.059910902265053356
894,0,0.09887141801359689,4.096736389192121e-05,0.006400575278201265,1.0,0.09124719867847796,0.11294556376666731,0.021698365088189356
895,0,0.11874987949478961,1.864765720709367e-05,0.004318293321104261,1.0,0.11229178770316149,0.1266988612948351,0.014407073591673605
896,1,0.7216406177044664,0.0001531609443236394,0.012375820955542278,1.0,0.6966178019031335,0.7413458728505228,0.04472807094738929
897,0,0.04323782602661856,1.4898603379589692e-05,0.0038598709019330804,1.0,0.03694548606993159,0.04978141763107654,0.012835931561144952
898,1,0.6385062516610488,0.0001107787295454923,0.01052514748331311,1.0,0.6165757991984662,0.6511388788049586,0.03456307960649241
899,1,0.9177258575330715,8.215840934971646e-05,0.009064127611067513,1.0,0.9071752876752782,0.9376553502011321,0.03048006252585389
900,1,0.8087373458088102,5.0979378183401344e-05,0.007139984466607847,1.0,0.7949304313754327,0.821207456765972,0.02627702539053922
901,0,0.024674093391865166,4.686223439348691e-06,0.0021647686803325412,1.0,0.02190959953022349,0.028548803497050607,0.006639203966827118
902,0,0.09535234036977298,9.568653126778869e-06,0.0030933239608516385,1.0,0.09011143648321852,0.10195035172750529,0.011838915244286763
903,0,0.19126467324667562,3.3562051589486604e-05,0.005793276412315107,1.0,0.18212996903767395,0.1998240913976658,0.01769412235999185
904,1,0.9424873207858054,1.6271486864443408e-05,0.004033793111259352,1.0,0.9353982119903893,0.9487841071920059,0.013385895201616593
905,0,0.07012595013047636,2.8123398498302504e-05,0.005303149865721551,1.0,0.06366801182140641,0.08396373485847196,0.020295723037065547
906,1,0.906461615143266,4.243927566063309e-05,0.006514543396173909,1.0,0.8927006982290351,0.917710094761167,0.025009396532131967
907,1,0.9125750450340442,2.46088145828376e-05,0.004960727223183875,1.0,0.9036694337264827,0.9208793602900176,0.017209926563534927
908,0,0.15634055502482347,4.882047363308048e-05,0.006987164920987659,1.0,0.14687850397470564,0.17303035592449953,0.026151851949793886
909,0,0.16802083217472705,8.740250273046529e-05,0.00934893056613778,1.0,0.15107708791237132,0.18499789460784535,0.03392080669547404
910,1,0.6089482665524826,0.0003418813310390918,0.018490033289291066,1.0,0.571061136825234,0.6298058545812241,0.058744717755990106
911,1,0.6404773493430123,0.000283992637092148,0.01685208109083706,1.0,0.6157132666903635,0.6687564380508486,0.053043171360485086
912,0,0.15098954018598337,6.375780900860152e-05,0.007984848715448623,1.0,0.1396250246559622,0.16434078645231176,0.024715761796349572
913,0,0.14013644776954176,0.00025941041249763366,0.01610622278802928,1.0,0.12038361558200243,0.16604729170170304,0.04566367611970061
914,1,0.9422887601512381,2.425057628469435e-05,0.0049244874133958704,1.0,0.9328897089547974,0.948660197613286,0.015770488658488624
915,0,0.3286040415980319,0.0001945488110490183,0.01394807553209468,1.0,0.3109965263960788,0.3571599589116273,0.0461634325155485
916,1,0.9905894599546794,4.304086499740946e-06,0.0020746292439231028,1.0,0.9872016877671772,0.9946802920491233,0.007478604281946133
917,0,0.05144348522705342,9.711529693768276e-06,0.0031163327315561597,1.0,0.046701233923446724,0.05730606755554663,0.010604833632099908
918,1,0.9420504124126069,2.6942013590951197e-05,0.005190569678845589,1.0,0.9337847642713536,0.9495245071856026,0.015739742914248955
919,0,0.16920221580212766,0.00013517373715158444,0.011626424091335411,1.0,0.15464258596547967,0.18763312327452927,0.032990537309049606
920,0,0.36219203685602624,3.231817447340836e-05,0.005684907604650085,1.0,0.35299901155292207,0.3735805406309849,0.02058152907806282
921,0,0.0687310816368819,1.3003133454888405e-05,0.003605985781293155,1.0,0.0638918273551856,0.07578338826999358,0.011891560914807975
922,0,0.07436248991259072,1.1291464876542579e-05,0.0033602774999310072,1.0,0.07062112629433571,0.0816533605953282,0.011032234300992483
923,0,0.12264992189911794,4.991597438948674e-05,0.007065123805672958,1.0,0.1105438038868004,0.13145024356677534,0.020906439679974936
924,1,0.7631323010019366,8.989601560004137e-05,0.009481350937500486,1.0,0.7464947878735759,0.7769900140132497,0.030495226139673814
925,0,0.022205250208450808,2.66112811965587e-05,0.005158612332455183,1.0,0.013864402024045326,0.029360255348358344,0.015495853324313018
926,0,0.24156045051034908,0.0001156241272552646,0.010752866001920817,1.0,0.22999807399659233,0.2602858974061346,0.03028782340954228
927,0,0.17459759196798283,8.954048662028314e-05,0.009462583506647809,1.0,0.1615563302339781,0.19710233342250336,0.035546003188525244
928,1,0.6250322441456135,9.13400050380375e-05,0.009557196505149274,1.0,0.6040550424552174,0.6445684889720563,0.04051344651683897
929,0,0.17067563414408934,2.1728405801298217e-05,0.004661373810508895,1.0,0.1602366738205824,0.1792739369645424,0.01903726314396001
930,0,0.11021140199682429,1.828293950075083e-05,0.0042758554115815035,1.0,0.1044367849469624,0.1193778503761427,0.014941065429180292
931,0,0.465142754847378,0.00012180353268598362,0.011036463776318192,1.0,0.4398718515687374,0.4850478983686443,0.04517604679990689
932,0,0.08153656927587621,2.355650411385109e-05,0.0048535043127467285,1.0,0.07595152569210754,0.08901855823013445,0.013067032538026907
933,0,0.40608201556599904,8.724585859983909e-05,0.009340549159435921,1.0,0.39154753851671065,0.4186588002934708,0.027111261776760154
934,0,0.09062829605587847,2.2930633427661433e-05,0.004788594097191934,1.0,0.08198712395824323,0.09955203811615328,0.017564914157910047
935,1,0.8777676080257276,7.846759664462301e-05,0.008858193757455467,1.0,0.8634775712075443,0.8910828966811462,0.02760532547360184
936,1,0.9161856584940133,1.1875244285950337e-05,0.003446047632571311,1.0,0.9113982074342548,0.9216407185846305,0.010242511150375666
937,0,0.12797792139493716,2.83957168122368e-05,0.005328763159705712,1.0,0.11968787493608207,0.13944331134479251,0.01975543640871044
938,0,0.30662594726575154,0.00015509913041388977,0.012453880134877233,1.0,0.2812936957423096,0.325567636515971,0.04427394077366137
939,0,0.10029760959512224,8.225235522154473e-06,0.0028679671410520853,1.0,0.09626983234212046,0.10460607367563195,0.00833624133351149
940,1,0.9000628453189062,5.9661110233627284e-05,0.007724060475787802,1.0,0.8859081233358969,0.9085176209392497,0.022609497603352846
941,1,0.9811003547570627,1.000516347418745e-05,0.0031630939717604742,1.0,0.9772124346037888,0.986592561696097,0.009380127092308177
942,0,0.25139625028232343,0.00010196566093717224,0.010097804758321099,1.0,0.23352909120380075,0.2711767928704584,0.03764770166665768
943,0,0.18036913691251838,9.238560085417547e-05,0.009611742862466488,1.0,0.15856649009559762,0.1897210066961034,0.031154516600505777
944,1,0.8508958042268284,5.595637589228551e-05,0.00748039944737482,1.0,0.842732828124121,0.8682904204797494,0.025557592355628378
945,1,0.8693116517387034,9.076097140740903e-05,0.009526855273772611,1.0,0.8524531186214496,0.8842566750734097,0.03180355645196009
946,0,0.15388038186399547,4.438948898078563e-05,0.006662543731997985,1.0,0.14380086754927623,0.16626612916889036,0.022465261619614124
947,0,0.006326343460925069,1.3808818556012178e-06,0.0011751092951726735,1.0,0.004299971301158194,0.008100811033261678,0.003800839732103483
948,0,0.09694178865163698,2.920409392291064e-05,0.005404081228378293,1.0,0.08886079740990437,0.10759232579017618,0.01873152838027181
949,0,0.11769659249287467,1.9687302891948972e-05,0.004437037625708055,1.0,0.11098391930502154,0.1254167754208944,0.014432856115872875
950,0,0.0760658893912276,1.1194311799559914e-05,0.0033457901607183787,1.0,0.07079743774362292,0.0816388382830821,0.010841400539459187
951,1,0.9853414917819311,2.8007757426818207e-06,0.001673551834477146,1.0,0.9832850131025808,0.9883798414874363,0.005094828384855532
952,0,0.12930409237312046,5.2779805193474285e-05,0.007264971107545734,1.0,0.11726297712941842,0.13664874525552284,0.019385768126104416
953,0,0.17300354352350963,5.2897882251819566e-05,0.007273093031978868,1.0,0.16375798390264243,0.19068862619017954,0.02693064228753711
954,0,0.12673398454035167,7.723926677572888e-06,0.0027791953291506676,1.0,0.12143895323087871,0.13100101626668242,0.009562063035803717
955,1,0.7336028915082986,0.00010046057832850645,0.010023002460765259,1.0,0.7129545241292689,0.7496702525433951,0.03671572841412629
956,1,0.9675568732731925,5.70885472792911e-05,0.007555696346419111,1.0,0.9549495892396039,0.9802574318976259,0.025307842658021995
957,1,0.9016562468891779,2.78089158984259e-05,0.0052734159610660246,1.0,0.8913798075103969,0.9094856175402414,0.01810581002984446
958,1,0.7588197274470552,9.07807421719282e-05,0.009527892850569228,1.0,0.7477371692946105,0.778880058191049,0.03114288889643846
959,0,0.19831533672772547,2.8754328937476625e-05,0.00536230630768857,1.0,0.18673625159262727,0.2061241346923539,0.019387883099726638
960,0,0.3841744977331765,0.00015651049198652276,0.012510415340288378,1.0,0.3600700528344032,0.4018831075487059,0.04181305471430269
961,1,0.834142239050327,4.3663209444209756e-05,0.006607814271316178,1.0,0.8233165254732658,0.8454933723906509,0.022176846917385085
962,1,0.7195879516773751,9.270257273356426e-05,0.009628217526290329,1.0,0.7029624133885773,0.7357255916009584,0.03276317821238106
963,0,0.11085945752202178,1.228971867539581e-05,0.0035056695045876485,1.0,0.10496453427341806,0.11762122627630245,0.012656692002884384
964,1,0.6464157793982761,0.0003037955210393109,0.01742973095143212,1.0,0.6125026416807916,0.6733160837063208,0.060813442025529185
965,0,0.39071074781696213,0.00013152450736822436,0.011468413463431826,1.0,0.37369561154559755,0.4115888861505736,0.037893274604976046
966,1,0.9287139972606615,2.1834905479105285e-05,0.004672783483011521,1.0,0.9193610199627411,0.936726157350706,0.017365137387964857
967,0,0.3010701062023325,0.0001280847186015508,0.011317451948276644,1.0,0.28348711350589445,0.3196911235517736,0.03620401004587914
968,0,0.10679997497303968,7.421379761557044e-06,0.002724220945803964,1.0,0.10166140879239195,0.11105315287071608,0.009391744078324132
969,1,0.8616043377993041,5.1573566375219506e-05,0.007181473830295527,1.0,0.8485574906044513,0.8751242706675618,0.02656678006311053
970,0,0.1488133640983181,1.4524417874549201e-05,0.003811091428258997,1.0,0.1421974943976075,0.15338669210437417,0.011189197706766657
971,1,0.7195879516773751,9.270257273356426e-05,0.009628217526290329,1.0,0.7029624133885773,0.7357255916009584,0.03276317821238106
972,0,0.0546568481471867,0.0001971295077327798,0.01404028161159098,1.0,0.032198307281700166,0.07505827764891224,0.04285997036721207
973,0,0.11734453047840347,3.700148196461423e-05,0.00608288434581936,1.0,0.10897755518812387,0.1301019186160951,0.021124363427971235
974,0,0.18608540691978875,3.5104578805962945e-05,0.0059249117129255985,1.0,0.1788562638150634,0.19675892755925795,0.017902663744194552
975,0,0.09535234036977298,9.568653126778869e-06,0.0030933239608516385,1.0,0.09011143648321852,0.10195035172750529,0.011838915244286763
976,0,0.1513884069118941,1.8114778886033757e-05,0.004256146013241763,1.0,0.14344977796361355,0.15995413880789164,0.016504360844278088
977,0,0.07412944156382689,1.6933680875164825e-05,0.00411505539150627,1.0,0.0680540755914147,0.08142280522613396,0.013368729634719259
978,1,0.7319978967141167,0.00016743268733078934,0.012939578328940604,1.0,0.7146323999353689,0.7533989114895747,0.03876651155420585
979,1,0.6720506951269639,0.0001802294120065406,0.013424954823258834,1.0,0.6476732403919564,0.6965794519085216,0.04890621151656516
980,1,0.7371705345661836,7.188497761361683e-05,0.00847850090603385,1.0,0.7256388610794855,0.7529557234657142,0.027316862386228657
981,1,0.7295267682008786,4.881366645051722e-05,0.006986677783504634,1.0,0.7192504939436503,0.7421959631547494,0.02294546921109919
982,1,0.7244491921076407,0.0002238451914754693,0.014961456863403019,1.0,0.6920107166582428,0.7430991051218362,0.051088388463593426
983,0,0.10190387349377358,1.3306446953859739e-05,0.0036478002897444564,1.0,0.09364889061020494,0.10739377666591678,0.013744886055711836
984,1,0.916132101079058,2.7665733549429878e-05,0.005259822577752017,1.0,0.9078415626054297,0.9238542875903355,0.016012724984905802
985,0,0.10679997497303968,7.421379761557044e-06,0.002724220945803964,1.0,0.10166140879239195,0.11105315287071608,0.009391744078324132
986,0,0.32591647478346464,0.00015078001522085226,0.012279251411256806,1.0,0.3081083226326784,0.3493397292523505,0.04123140661967212
987,0,0.12505119371884008,3.2704236660513754e-05,0.005718761811835999,1.0,0.11582984897670288,0.1360495502281852,0.020219701251482328
988,1,0.8434473274934691,3.321329305107867e-05,0.005763097522259941,1.0,0.8347770961212885,0.8523533490355232,0.017576252914234702
989,0,0.13411193433615534,8.667130879940846e-05,0.009309742681696872,1.0,0.11868464491119246,0.1550522346620812,0.036367589750888746
990,1,0.679660366460266,0.0001865491186329627,0.013658298526279278,1.0,0.6559585187653169,0.7081322942482865,0.05217377548296964
991,0,0.1163804465409812,1.935891788045207e-05,0.004399877030151191,1.0,0.10902782640105951,0.12577206163210325,0.016744235231043736
992,1,0.9278587799759489,1.813663717107081e-05,0.004258713088606793,1.0,0.921434167128548,0.9348711819251724,0.013437014796624402
993,0,0.1196923326974945,1.7949803502087904e-05,0.004236720843068128,1.0,0.11069318898502534,0.12624544966792875,0.015552260682903413
994,0,0.10029760959512224,8.225235522154473e-06,0.0028679671410520853,1.0,0.09626983234212046,0.10460607367563195,0.00833624133351149
995,0,0.12562307432516565,2.7373896243444247e-05,0.005232006903994321,1.0,0.11578554924467634,0.13606773556643637,0.02028218632176003
996,1,0.7766153220319394,0.00014165595360957563,0.011901930667315099,1.0,0.7515905167596634,0.7940562922953623,0.04246577553569897
997,0,0.12034476398537461,1.3145277834105315e-05,0.0036256417134219584,1.0,0.11488690160674171,0.12582472492353594,0.010937823316794229
998,0,0.15535126137477748,6.415604448922466e-05,0.008009746843017241,1.0,0.1437622037124426,0.16541678003458787,0.021654576322145264
999,0,0.10029760959512224,8.225235522154473e-06,0.0028679671410520853,1.0,0.09626983234212046,0.10460607367563195,0.00833624133351149
1000,0,0.10273187316356011,1.6312040081042207e-05,0.0040388166684119505,1.0,0.09598824308055263,0.10940495486396747,0.01341671178341483
1001,0,0.1769388252456916,3.27580760052273e-05,0.005723467131488334,1.0,0.16842747794073656,0.18602519155086403,0.017597713610127463
1002,0,0.1319408320886183,4.307226243249889e-05,0.006562946170166177,1.0,0.12208350799821678,0.14375054844719518,0.021667040448978395
1003,1,0.7391665817420247,8.854870463290959e-05,0.009410032127092318,1.0,0.7250775066835121,0.7547328011328007,0.029655294449288605
1004,1,0.9273813463911914,2.7325215055987917e-05,0.005227352585773024,1.0,0.9180907206911697,0.9347648684724178,0.016674147781248094
1005,1,0.7405682595868951,4.160466338865928e-05,0.00645016770236707,1.0,0.7285498138036232,0.75185543924078,0.023305625437156863
1006,1,0.8762615936454144,5.842431914463248e-05,0.007643580256962864,1.0,0.8625466388718072,0.8870221527951442,0.024475513923337022
1007,0,0.11893467110340294,3.6033173091736364e-05,0.006002763787767795,1.0,0.10791164154954624,0.12915621521313253,0.021244573663586286
1008,0,0.08864562484454173,1.0994070503152217e-05,0.003315730764575468,1.0,0.08196514412151489,0.0939226919174345,0.01195754779591962
1009,1,0.9878234182127429,6.269306749980024e-06,0.002503858372588199,1.0,0.9844194527248278,0.9917573593840112,0.007337906659183435
1010,0,0.3221946198618938,0.00012336041107957978,0.01110677320735324,1.0,0.30527406740064744,0.3366650624446706,0.03139099504402315
1011,1,0.8952673850081283,4.288530553425127e-05,0.006548687313824906,1.0,0.8814742917564282,0.9038393707804301,0.022365079024001866
1012,1,0.9083768286513851,2.145433332813668e-05,0.004631882266221442,1.0,0.9011869467580107,0.9167493039077734,0.015562357149762729
1013,0,0.07869436115273679,1.9502466681762456e-05,0.004416159721042985,1.0,0.07277747450576984,0.0863854609537927,0.013607986448022857
1014,1,0.9426914071038736,6.22435209215349e-06,0.0024948651450836957,1.0,0.9385864762245374,0.9465221683887804,0.007935692164243058
1015,0,0.11123156495719264,1.9556435937784552e-05,0.004422265927981328,1.0,0.10522974590083699,0.11771888572207428,0.012489139821237297
1016,0,0.10029760959512224,8.225235522154473e-06,0.0028679671410520853,1.0,0.09626983234212046,0.10460607367563195,0.00833624133351149
1017,1,0.8125741544732706,7.542272488095954e-05,0.008684625776679127,1.0,0.7991347888967137,0.8267013129053167,0.027566524008602933
1018,0,0.12492875217501379,3.123545659299894e-05,0.005588868990502366,1.0,0.11751748971577504,0.13449080249848178,0.016973312782706737
1019,1,0.9791170712819305,6.487895020086282e-06,0.0025471346686200716,1.0,0.9758851275922774,0.9837846434800976,0.00789951588782023
1020,0,0.13691718358498095,3.369851680972096e-05,0.005805042360717186,1.0,0.12700160633407528,0.15035284561669046,0.023351239282615177
1021,0,0.1117414556976529,1.5352626065490762e-05,0.003918242726719564,1.0,0.10373647935696405,0.11669809779231194,0.01296161843534789
1022,0,0.13391626681924138,4.104139638042426e-05,0.006406355936132823,1.0,0.12458182569810339,0.14672967376542848,0.022147848067325088
1023,0,0.39116813869140177,0.00022936449742134296,0.015144784495704881,1.0,0.3635955097999319,0.42084989497797515,0.057254385178043266
1024,0,0.016957503377757963,8.53022995466074e-06,0.0029206557405248466,1.0,0.013770489664508773,0.02187476374192242,0.008104274077413648
1025,0,0.07250303231515323,1.9007512994232257e-05,0.004359760657906837,1.0,0.06548294039967717,0.08032992879459468,0.014846988394917507
1026,0,0.08405894442299312,2.044518670147718e-05,0.0045216354012101835,1.0,0.0767211529184237,0.08826506351063802,0.011543910592214324
1027,0,0.03561141256837647,5.914127711153175e-06,0.0024318979647907054,1.0,0.031202017801975655,0.040115218027300524,0.00891320022532487
1028,0,0.1698451066766264,0.00019733189738698888,0.014047487226795718,1.0,0.153075975192406,0.20202694379336442,0.048950968600958406
1029,0,0.1586772867506591,1.590575086349335e-05,0.003988201457235247,1.0,0.1529643701713467,0.1666470955328637,0.01368272536151699
1030,1,0.6094002680941744,0.00012478377975710966,0.011170666039100339,1.0,0.5856900119002789,0.6270109836834643,0.04132097178318539
1031,0,0.007055448743003292,3.2992714267429294e-06,0.0018163896681997862,1.0,0.004541689248436928,0.010392061311975868,0.00585037206353894
1032,0,0.011042436933876755,2.55434557473879e-06,0.0015982320153027814,1.0,0.009348905719924085,0.014470529042440144,0.0051216233225160595
1033,1,0.9257852227257285,2.9600540104237336e-05,0.005440637839834346,1.0,0.9173040640445609,0.9356620058040136,0.01835794175945271
1034,1,0.8675582464585624,0.00011909973690854955,0.010913282590886647,1.0,0.8516315931849195,0.8837971491134663,0.03216555592854675
1035,0,0.16215187509073467,8.157069323103401e-05,0.009031649529905044,1.0,0.1492737824346363,0.18278968759553194,0.03351590516089564
1036,0,0.3956039947456306,3.082292033528485e-05,0.0055518393650469434,1.0,0.3868998493707266,0.40344679941038747,0.01654695003966089
1037,0,0.022900959849052206,8.87152923767301e-06,0.0029785112451815605,1.0,0.01778157600567921,0.02699347416491075,0.00921189815923154
1038,0,0.28863846966754114,2.8493963783461194e-05,0.005337973752601374,1.0,0.2796332382348209,0.2980671611236651,0.018433922888844212
1039,0,0.11433178392461447,1.5350178141766543e-05,0.003917930339065071,1.0,0.10616534269821953,0.12102539928698985,0.01486005658877032
1040,0,0.40608201556599904,8.724585859983909e-05,0.009340549159435921,1.0,0.39154753851671065,0.4186588002934708,0.027111261776760154
1041,0,0.2847593749175955,0.00022995471402443603,0.01516425778020263,1.0,0.2559140061236469,0.3062053864219909,0.05029138029834401
1042,1,0.9911367789665396,2.8747974112242977e-06,0.0016955227545581032,1.0,0.9888526732968241,0.9937184090329994,0.004865735736175214
1043,0,0.10249972080043095,1.8257272907027165e-05,0.004272853017250554,1.0,0.09682876161357919,0.11019478605896042,0.013366024445381236
1044,0,0.06832794461751882,2.4125604916992135e-05,0.0049117822546395655,1.0,0.06246591178518233,0.07767744695918676,0.015211535174004427
1045,1,0.7193073197016686,0.0003927207070833448,0.01981718211763077,1.0,0.6718769548966989,0.7421986821386327,0.07032172724193386
1046,1,0.588768587860008,0.00033844059522394616,0.01839675501885988,1.0,0.5556792144474083,0.6148397028142508,0.05916048836684251
1047,0,0.11504379071694733,1.569593727167408e-05,0.003961809847995494,1.0,0.10804679770556974,0.11972538092698753,0.011678583221417793
1048,1,0.9248721274084468,4.490566342799432e-05,0.006701168810587771,1.0,0.9161338121234407,0.9343775642635772,0.018243752140136515
1049,1,0.6553013018383949,0.00017852665290442256,0.013361386638535035,1.0,0.6332366099821267,0.6738504474409276,0.04061383745880087
1050,0,0.3956039947456306,3.082292033528485e-05,0.0055518393650469434,1.0,0.3868998493707266,0.40344679941038747,0.01654695003966089
1051,1,0.7374079297354783,0.00018010999490467776,0.013420506507009254,1.0,0.7179909251441748,0.7598074912496507,0.041816566105475905
1052,1,0.7392010126295103,7.78376641115411e-05,0.00882256561956561,1.0,0.7290156911728413,0.758174210986677,0.02915851981383577
1053,1,0.6270350429672658,0.00017631654386848308,0.013278423997917942,1.0,0.6054142499408924,0.6540270053195515,0.048612755378659056
1054,1,0.8503448426422624,3.831802270948072e-05,0.006190155305764203,1.0,0.8418776184035898,0.8631177815396956,0.021240163136105883
1055,0,0.09044096790083464,2.0451997018823934e-05,0.004522388419720705,1.0,0.08374882979877607,0.0979970524698725,0.014248222671096433
1056,0,0.24474663375728717,4.829364363731884e-05,0.006949362822397377,1.0,0.23216784672040536,0.2546829330924118,0.022515086372006443
1057,1,0.7736998135609454,6.067631047173207e-05,0.007789500014232753,1.0,0.762167617081591,0.7858116128035143,0.023643995721923328
1058,0,0.20200109760060053,6.561744087828969e-05,0.008100459300452641,1.0,0.18291388619850882,0.2144008510473626,0.03148696484885377
1059,0,0.005728360035504655,3.692484581410576e-06,0.0019215838731136811,1.0,0.004041955427264735,0.011278855001069704,0.0072368995738049694
1060,1,0.9389866413501069,2.176528970621121e-05,0.004665328467129749,1.0,0.9302975038819644,0.9478654061418409,0.017567902259876478
1061,1,0.6069311214072126,0.00010143769217115164,0.01007162807946916,1.0,0.5852901921076143,0.6235927119248359,0.03830251981722155
1062,0,0.09433869893430888,8.671205322311652e-06,0.002944691040213158,1.0,0.08880647605278792,0.09765894201081164,0.00885246595802372
1063,0,0.17468348691834606,0.00022819583165430076,0.015106152112775138,1.0,0.16032399355452384,0.21281024204405108,0.05248624848952724
1064,0,0.08808225875366668,8.033428714239406e-06,0.0028343303819843243,1.0,0.08281076351530818,0.0929835517560792,0.010172788240771016
1065,0,0.10870024928793136,2.0615393468198952e-05,0.00454041776362032,1.0,0.10286854771286291,0.11561649544670134,0.01274794773383843
1066,0,0.3826118455960218,0.000612982421663197,0.024758481812566718,1.0,0.3544170826577595,0.4291279043052621,0.07471082164750259
1067,1,0.9103017260305781,1.2069553753808688e-05,0.0034741263295695922,1.0,0.9051254313590236,0.9157274745512582,0.010602043192234678
1068,1,0.8997466802758037,6.093297883266236e-05,0.007805957906154911,1.0,0.8885449195372553,0.9122449377135964,0.023700018176341042
1069,0,0.15483265442773364,5.176188172930008e-05,0.007194573074846073,1.0,0.14290571135545851,0.16579607632641127,0.02289036497095276
1070,1,0.9919467231819574,1.956198254477368e-06,0.0013986415746993109,1.0,0.9892472812512083,0.9937090698785366,0.004461788627328267
1071,1,0.876493987568435,0.00011544978567338045,0.010744756194227045,1.0,0.8523666159014948,0.8915347815752345,0.03916816567373971
1072,0,0.1488133640983181,1.4524417874549201e-05,0.003811091428258997,1.0,0.1421974943976075,0.15338669210437417,0.011189197706766657
1073,0,0.19330436744143037,7.250688526566497e-05,0.00851509749008577,1.0,0.17706184118218357,0.21042594206971663,0.033364100887533055
1074,1,0.9509684138851725,1.1138412917308792e-05,0.0033374260916623744,1.0,0.9446782275719086,0.9548188257682059,0.010140598196297312
1075,0,0.10029760959512224,8.225235522154473e-06,0.0028679671410520853,1.0,0.09626983234212046,0.10460607367563195,0.00833624133351149
1076,1,0.9325253839970818,2.12553402700052e-05,0.004610351425868227,1.0,0.923205254706026,0.9373488600700052,0.014143605363979184
1077,0,0.13674606240973866,2.4547649430246614e-05,0.004954558449574151,1.0,0.12639426095811068,0.14222219742019124,0.015827936462080555
1078,1,0.8835073940469211,4.520604174879983e-05,0.006723543838542278,1.0,0.8702128247659986,0.8939462748554178,0.023733450089419184
1079,0,0.10504925484515978,1.819042586616057e-05,0.004265023548136701,1.0,0.09846818369653111,0.11336243761682487,0.014894253920293754
1080,0,0.00552933482002735,3.671073832549214e-06,0.0019160046535823482,1.0,0.003875086068978534,0.010262554976981642,0.006387468908003107
1081,0,0.13278647030972263,1.0658287037175778e-05,0.0032647032081302243,1.0,0.12606014457930972,0.1380763746853491,0.012016230106039388
1082,0,0.10915646813325415,1.8628127054170656e-05,0.0043160314009713435,1.0,0.10026884254648662,0.11426975378469251,0.01400091123820589
1083,0,0.27075933072617103,2.375738009058687e-05,0.00487415429490972,1.0,0.26242706244183495,0.2792321936977536,0.01680513125591865
1084,0,0.46819633543609485,0.0006679635363161098,0.025844990545870004,0.8,0.4300972311852398,0.510938998819397,0.08084176763415718
1085,0,0.09544893708945823,2.90794457392621e-05,0.00539253611385794,1.0,0.08858666122168986,0.10572472360601663,0.017138062384326774
1086,1,0.7273793043974972,7.712812578444747e-05,0.008782261997028298,1.0,0.711933896855288,0.7390301543968306,0.027096257541542657
1087,0,0.11111445205872243,6.057650362525033e-05,0.007783090878645214,1.0,0.09955831779235447,0.12930553177150658,0.029747213979152115
1088,1,0.9546136546690887,4.0308773892463175e-05,0.00634891911213737,1.0,0.940937646134798,0.9635824645435379,0.022644818408739886
1089,1,0.6777575268276526,0.00011344610415137113,0.010651108118471577,1.0,0.6589536126848157,0.6912911917040407,0.03233757901922507
1090,0,0.14992465840499242,4.297046294467405e-06,0.0020729318113404996,1.0,0.1465151397029054,0.15406372618788233,0.0075485864849769435
1091,1,0.6655002188266215,0.00011745793098802602,0.010837801021795244,1.0,0.6480376243559217,0.6817843032626607,0.03374667890673899
1092,1,0.9088633064234821,6.283723445739377e-05,0.007926994036669497,1.0,0.8972861731399755,0.9202280592236605,0.02294188608368497
1093,0,0.08444764484616986,0.00019764946692385352,0.014058786111320333,1.0,0.05928961463285786,0.10973272462737743,0.05044310999451957
1094,1,0.5429091877083849,0.0010111013167193505,0.031797819370506374,1.0,0.5006650264844206,0.6118663364667963,0.11120130998237576
1095,1,0.9934468851887759,8.52350156758861e-07,0.0009232281174004944,1.0,0.9924039395065911,0.9951531004571414,0.0027491609505503334
1096,0,0.1508881586225038,1.2267603096916506e-05,0.0035025138253712155,1.0,0.14724113762998148,0.15875115698577777,0.011510019355796292
1097,0,0.27767517401248715,4.2668175241880494e-05,0.006532088122635862,1.0,0.2670619251570329,0.2863035767679116,0.019241651610878707
1098,1,0.6408677787201146,0.00022771133392246494,0.015090107154108115,1.0,0.6164521193848135,0.6648133755203461,0.04836125613553266
1099,0,0.14844451614531404,3.900329495232395e-06,0.0019749251872494804,1.0,0.14455193053653734,0.15248903636125313,0.007937105824715796
1100,1,0.922804473366377,4.477426923155124e-05,0.006691357801788157,1.0,0.9084416697873229,0.9336608605780281,0.025219190790705226
1101,0,0.10806471231082553,1.726166743705772e-05,0.004154716288395361,1.0,0.10101581677303083,0.1146710076042602,0.013655190831229375
1102,0,0.14141672251079568,8.446423566081676e-05,0.009190442625946628,1.0,0.1227025697211463,0.156653408853797,0.03395083913265069
1103,0,0.08982430450463089,1.8343220747357416e-05,0.0042828986384640735,1.0,0.08282347761941634,0.09598494564574411,0.013161468026327769
1104,0,0.07335720219207278,5.575639707521817e-05,0.007467020629087493,1.0,0.06311277859446622,0.09152501245646516,0.02841223386199894
1105,1,0.8079192644848859,2.9115379955867853e-05,0.005395866932742861,1.0,0.7961823085786692,0.8173687203444545,0.021186411765785285
1106,1,0.6863695684317714,0.000858585620339689,0.02930163170097681,1.0,0.630454881216631,0.7226868482767642,0.09223196706013326
1107,0,0.27674953723481066,0.00011095584162804605,0.010533557880794412,1.0,0.25967757084767995,0.2916431136933069,0.03196554284562697
1108,1,0.7451399561742218,8.442410523988811e-05,0.009188259097342005,1.0,0.7344269096537387,0.761744719833025,0.02731781017928636
1109,1,0.8934197837944504,0.00012767398525308807,0.011299291360660104,1.0,0.8780483629493793,0.908856075056882,0.03080771210750277
1110,1,0.8930196665953358,4.669500611090455e-05,0.00683337443075561,1.0,0.8792910337239417,0.9019637722935164,0.022672738569574746
1111,0,0.10679997497303968,7.421379761557044e-06,0.002724220945803964,1.0,0.10166140879239195,0.11105315287071608,0.009391744078324132
1112,1,0.8187272516785633,0.00015245199408282247,0.012347145179466485,1.0,0.7996194917001542,0.8375388508399281,0.037919359139773845
1113,0,0.11677209429263072,1.6617876304739124e-05,0.004076502950414623,1.0,0.10874544558458372,0.1243820687383908,0.01563662315380708
1114,1,0.8583664958039929,0.00018150610608849902,0.013472420201600714,1.0,0.8361651993135091,0.8750341366156992,0.0388689373021901
1115,0,0.12720551782254796,4.109211369520605e-05,0.006410313073103844,1.0,0.1187772146104716,0.13806433499987542,0.01928712038940382
1116,1,0.894734010756768,5.1270188517906074e-05,0.007160320420058454,1.0,0.884957099860478,0.9063870713174106,0.021429971456932595
1117,1,0.980607561590749,1.584512386747822e-05,0.0039805934064506285,1.0,0.9733646232551442,0.9884574016054078,0.01509277835026368
1118,0,0.12245451366516569,2.672137369346435e-05,0.005169272066109923,1.0,0.11581166457912788,0.13064899610243777,0.01483733152330989
1119,1,0.7371705345661836,7.188497761361683e-05,0.00847850090603385,1.0,0.7256388610794855,0.7529557234657142,0.027316862386228657
1120,0,0.09398098304819648,1.3717174769880091e-05,0.003703670445636341,1.0,0.08569576708482911,0.0993553160743077,0.01365954898947859
1121,0,0.14942540365099763,3.3841332783598194e-05,0.00581733038288167,1.0,0.1395779579187427,0.1573654665510847,0.017787508632341992
1122,1,0.7926507025360109,0.0001686100611368376,0.012984993690288708,1.0,0.7791124073026564,0.8268837723105721,0.04777136500791568
1123,1,0.9300061372183388,4.782771382851843e-05,0.006915758369732016,1.0,0.9178765929537019,0.9400274075778013,0.022150814624099402
1124,0,0.0926215918913906,3.160786874491334e-05,0.005622087578908153,1.0,0.08659266901730615,0.10402785184449666,0.017435182827190504
1125,0,0.10962204157299185,3.3060870210699085e-05,0.005749858277444678,1.0,0.0997498007436719,0.1199935905063189,0.020243789762647
1126,0,0.22310106152416576,0.00011434876991030128,0.010693398426613557,1.0,0.2060836100970748,0.24149404137872543,0.03541043128165064
1127,0,0.13008472462512916,5.7992232839685056e-05,0.007615263149733242,1.0,0.11918871539023895,0.14625413956013178,0.027065424169892827
1128,0,0.14586025622373316,0.00010966451421470848,0.010472082611148008,1.0,0.13272798303490074,0.15977913270473657,0.027051149669835822
1129,0,0.17572914402199583,0.00010406761886655068,0.010201353776168666,1.0,0.16157486468291596,0.1945683720172381,0.03299350733432213
1130,1,0.8426032970190175,5.0516487854262036e-05,0.007107495188479696,1.0,0.8308198034775054,0.8555731191615902,0.024753315684084787
1131,1,0.912805531831743,1.7240522779488398e-05,0.0041521708514328255,1.0,0.9056558773818826,0.9189999705719148,0.013344093190032269
1132,1,0.8876818867244489,5.0335524480591016e-05,0.00709475330653512,1.0,0.8753129049098956,0.8985517692682549,0.023238864358359312
1133,1,0.8693874618862804,2.127692888061122e-05,0.004612692151077419,1.0,0.8642943494714017,0.8776770605825046,0.013382711111102896
1134,1,0.7241222602555586,0.0002255236095891692,0.015017443510437094,1.0,0.6970736923066402,0.7470784956931439,0.050004803386503704
1135,0,0.09535224510339378,9.56865312677885e-06,0.0030933239608516355,1.0,0.09011134121683934,0.10195025646112608,0.011838915244286749
1136,0,0.051042637201448526,0.00019760666347817482,0.014057263726564101,1.0,0.0274030613472509,0.0754875434372461,0.048084482089995204
1137,0,0.1972077544222274,6.827291603286897e-05,0.008262742645929919,1.0,0.18204861784972207,0.21198236122217554,0.02993374337245347
1138,1,0.9072532479422459,7.384708132852826e-05,0.008593432453247554,1.0,0.8946286145547667,0.9163193077508659,0.021690693196099176
1139,0,0.10962164499367569,4.110072242015528e-05,0.006410984512549947,1.0,0.09815115194029138,0.12216606682501872,0.024014914884727345
1140,1,0.8952673850081283,4.288530553425127e-05,0.006548687313824906,1.0,0.8814742917564282,0.9038393707804301,0.022365079024001866
1141,1,0.7072648530836423,0.0003923905495952491,0.019808850284538198,1.0,0.6709096365242241,0.7329433784559548,0.062033741931730724
1142,1,0.96149374594128,9.969534901319739e-06,0.003157457030795469,1.0,0.9566552840113115,0.9656101428963705,0.00895485888505898
1143,0,0.14585080651394994,4.807354314809402e-05,0.006933508718397491,1.0,0.13613678889634054,0.1590796759542593,0.02294288705791875
1144,0,0.2436806769097511,9.971811953804805e-05,0.00998589603080505,1.0,0.2255199780350526,0.2590254785500446,0.03350550051499199
1145,0,0.10592846545581243,5.945749063762934e-06,0.002438390670865301,1.0,0.10272672144514955,0.11051931970157314,0.0077925982564235885
1146,0,0.1173280212004979,3.9070176864834366e-05,0.006250614119015376,1.0,0.1090199829685584,0.13279719029522638,0.02377720732666798
1147,0,0.09433869893430888,8.671205322311652e-06,0.002944691040213158,1.0,0.08880647605278792,0.09765894201081164,0.00885246595802372
1148,0,0.10029760959512224,8.225235522154473e-06,0.0028679671410520853,1.0,0.09626983234212046,0.10460607367563195,0.00833624133351149
1149,0,0.115589442461976,7.239608013850972e-06,0.0026906519681762953,1.0,0.11166737637455593,0.12057570526128703,0.008908328886731098
1150,1,0.8623160617603961,0.00010203811309094709,0.010101391641301069,1.0,0.8465745333841062,0.8796686744377816,0.033094141053675474
1151,0,0.12240937321622773,2.068431585166042e-05,0.0045480013029528055,1.0,0.11382395699537085,0.12731208266542215,0.01348812567005131
1152,0,0.06820704542330414,7.068126653070135e-06,0.0026585948644105473,1.0,0.06132790441782011,0.07135023972507964,0.010022335307259538
1153,0,0.12471460880256716,4.135392322347927e-05,0.006430701612069966,1.0,0.11395947875492472,0.13593783180310695,0.021978353048182228
1154,1,0.894968663512938,1.2470465336022249e-05,0.0035313546035511995,1.0,0.8896293363119203,0.9004548538770503,0.01082551756512995
1155,1,0.8243879906144038,5.3966918246162644e-05,0.0073462179552585185,1.0,0.8118236222963965,0.8379559629517838,0.026132340655387276
1156,0,0.1563441869931594,1.915365914342873e-05,0.004376489362883078,1.0,0.14942928553629922,0.16336806444746935,0.013938778911170124
1157,0,0.09535234036977298,9.568653126778869e-06,0.0030933239608516385,1.0,0.09011143648321852,0.10195035172750529,0.011838915244286763
1158,0,0.20615003583749753,5.228508850687201e-05,0.00723084286282533,1.0,0.19313246414438248,0.21736959803299963,0.024237133888617146
1159,0,0.09433869893430888,8.671205322311652e-06,0.002944691040213158,1.0,0.08880647605278792,0.09765894201081164,0.00885246595802372
1160,1,0.6250322441456135,9.13400050380375e-05,0.009557196505149274,1.0,0.6040550424552174,0.6445684889720563,0.04051344651683897
1161,0,0.13362090756510336,9.247098942028668e-06,0.0030409042967559285,1.0,0.12849794083358876,0.13772405218963932,0.00922611135605056
1162,0,0.21442083140228269,0.0001248183228743268,0.011172212085094287,1.0,0.1951601738371854,0.23221407406454733,0.037053900227361936
1163,0,0.10029760959512224,8.225235522154473e-06,0.0028679671410520853,1.0,0.09626983234212046,0.10460607367563195,0.00833624133351149
1164,1,0.9424444952349853,3.424576276953039e-05,0.00585198793313267,1.0,0.9321606663566757,0.9484645797193733,0.016303913362697542
1165,1,0.7804944807639265,0.00017627056613613097,0.013276692590254961,1.0,0.7571376154730629,0.8006889521230308,0.04355133664996791
1166,0,0.10827088195001004,2.6877473179869104e-05,0.005184348867492339,1.0,0.10254704689642598,0.11724823253983636,0.014701185643410386
1167,1,0.8836020891194956,7.241327741913271e-05,0.008509599133868334,1.0,0.8718858949811025,0.8962491152535542,0.024363220272451747
1168,0,0.1516532106074393,6.641289856586179e-06,0.0025770700139084654,1.0,0.14867844334288366,0.1552116183794325,0.0065331750365488495
1169,0,0.09509965553041597,1.2274047772455572e-05,0.0035034337117256227,1.0,0.09099558371532875,0.10227430400960479,0.01127872029427604
1170,0,0.1076642331452859,9.547306748508625e-06,0.0030898716394874115,1.0,0.10372362784724802,0.11409091585088364,0.010367288003635622
1171,0,0.15280797477088043,4.635810964611152e-06,0.002153093347862826,1.0,0.14851294489282976,0.1571139656235521,0.00860102073072233
1172,0,0.16479696336077007,2.82974262730991e-05,0.0053195325239253025,1.0,0.15337061122445136,0.17502740135734152,0.021656790132890152
1173,1,0.6450828085873085,0.00032086436804496974,0.01791268734849603,1.0,0.6077221142356928,0.6741171961604762,0.06639508192478338
1174,1,0.7371705345661836,7.188497761361683e-05,0.00847850090603385,1.0,0.7256388610794855,0.7529557234657142,0.027316862386228657
1175,1,0.835450002782934,2.1792273503599316e-05,0.00466821952178765,1.0,0.8301490070557943,0.84310654491952,0.012957537863725666
1176,0,0.04395338898673905,2.8287248208001944e-05,0.005318575768756326,1.0,0.034925990167410936,0.05394802429796269,0.019022034130551757
1177,0,0.08899857441979474,1.6557429705112954e-05,0.004069082169864963,1.0,0.08070908398036666,0.09531745606789532,0.01460837208752866
1178,0,0.09451888705558485,9.619885356862395e-06,0.003101594002583574,1.0,0.08880303319102915,0.09792834186334605,0.009125308672316895
1179,0,0.23449453079167015,0.00010985292721483149,0.010481074716594261,1.0,0.21766519135251916,0.2502232569320395,0.032558065579520346
1180,0,0.10870024928793136,2.0615393468198952e-05,0.00454041776362032,1.0,0.10286854771286291,0.11561649544670134,0.01274794773383843
1181,0,0.10679997497303968,7.421379761557044e-06,0.002724220945803964,1.0,0.10166140879239195,0.11105315287071608,0.009391744078324132
1182,0,0.28925795421831535,3.0034539876320523e-05,0.005480377712924586,1.0,0.2792887727405135,0.30106648442827005,0.02177771168775655
1183,1,0.5844123749922321,9.165766906025388e-05,0.009573801181362284,1.0,0.5711640804238068,0.6039361771399716,0.03277209671616477
1184,0,0.10870024928793136,2.0615393468198952e-05,0.00454041776362032,1.0,0.10286854771286291,0.11561649544670134,0.01274794773383843
1185,0,0.34438864954016,0.00020437867879717593,0.014296107120372872,1.0,0.31920903083651475,0.3744271468901616,0.05521811605364685
1186,0,0.10626656089416583,3.081210498650777e-05,0.0055508652466536934,1.0,0.0956177532309936,0.11393722919190803,0.018319475960914433
1187,0,0.11198648353504428,2.1626532586555884e-05,0.004650433591242421,1.0,0.1044857944590526,0.11984152586643226,0.015355731407379669
1188,1,0.9642608240529146,1.0301770755470149e-05,0.0032096371688198886,1.0,0.9602916678891332,0.9711465888511,0.010854920961966719
1189,0,0.0687310816368819,1.3003133454888405e-05,0.003605985781293155,1.0,0.0638918273551856,0.07578338826999358,0.011891560914807975
1190,0,0.28876425747115897,3.420079016059459e-05,0.005848144163800564,1.0,0.2794544484995858,0.3012321601873424,0.021777711687756607
1191,0,0.03667066194730201,7.032602455494164e-06,0.002651905438641085,1.0,0.0326210504963306,0.042817043142418736,0.010195992646088135
1192,0,0.03741901037321333,2.8301876460894144e-06,0.0016823161552126326,1.0,0.0348764640353715,0.040546928204640786,0.005670464169269286
1193,0,0.15003883026695813,4.2427249766098346e-05,0.006513620327137462,1.0,0.1390473155760956,0.15975065163909608,0.020703336063000483
1194,0,0.10631967305825654,2.4716201437153286e-05,0.004971539141669638,1.0,0.1006733049031399,0.11659005883674987,0.015916753933609973
1195,0,0.1060830246745231,4.951184824451363e-06,0.002225125799691191,1.0,0.10319970553422401,0.11042869046896404,0.007228984934740029
1196,1,0.7371705345661836,7.188497761361683e-05,0.00847850090603385,1.0,0.7256388610794855,0.7529557234657142,0.027316862386228657
1197,1,0.8542925313848361,6.022283101789926e-05,0.007760337042802926,1.0,0.8342152591409064,0.8630612395431312,0.028845980402224747
1198,0,0.13998519362807574,7.546601918092388e-05,0.00868711800201447,1.0,0.12614587254384332,0.15664159971943664,0.030495727175593318
1199,1,0.6542862957939345,0.00022047371932343258,0.014848357462138112,1.0,0.6234890275539552,0.6696201311412583,0.0461311035873031
1200,1,0.9037898367488774,9.471586560656312e-05,0.009732207643004906,1.0,0.8875627030140758,0.9160640118025375,0.028501308788461688
1201,1,0.616394743944599,0.00040633157248829094,0.020157667833563757,1.0,0.575495907402627,0.640558303554036,0.06506239615140896
1202,0,0.038033831624527385,2.81181292614198e-06,0.00167684612476577,1.0,0.0354568653500388,0.04126269440686758,0.005805829056828776
1203,0,0.16985139793657833,0.00013517373715158463,0.01162642409133542,1.0,0.1552917680999303,0.18828230540897994,0.03299053730904963
1204,0,0.09433898585326363,8.671205322311635e-06,0.0029446910402131554,1.0,0.08880676297174267,0.09765922892976638,0.008852465958023706
1205,1,0.5786625694794987,0.0001594055758843208,0.01262559210034606,1.0,0.5602715979866896,0.5955761781047925,0.03530458011810289
1206,1,0.9414090436523465,1.6305249713979093e-05,0.00403797594271921,1.0,0.9345081641414289,0.9498580632174164,0.015349899075987494
1207,1,0.7670311554769121,9.136009235974327e-05,0.009558247347696296,1.0,0.7498924019114616,0.7803282517770628,0.030435849865601217
1208,1,0.6861520763817143,0.00028460116088075305,0.016870126285263933,1.0,0.6455751309863907,0.7081414676182848,0.06256633663189404
1209,0,0.1744971177872223,6.310983113538759e-05,0.007944169631584385,1.0,0.16690546571160433,0.19032952768412428,0.02342406197251995
1210,0,0.1336565011299641,5.286234065299401e-05,0.007270649259384887,1.0,0.11946650847745514,0.14364626376547704,0.024179755288021895
1211,0,0.12654242417598358,4.1201323870962744e-05,0.006418825739258135,1.0,0.11540157119644416,0.13576813951605718,0.020366568319613018
1212,1,0.5072853849992736,0.0005319249660156269,0.023063498564086647,0.6,0.4799270670015659,0.5606079570645105,0.0806808900629446
1213,0,0.16857620701233192,0.00015030901108758213,0.012260057548298137,1.0,0.1572197074567427,0.18952777200155238,0.03230806454480967
1214,0,0.1586772867506591,1.590575086349335e-05,0.003988201457235247,1.0,0.1529643701713467,0.1666470955328637,0.01368272536151699
1215,0,0.43771051600532507,4.2662780142755416e-05,0.00653167514063241,1.0,0.4280621120337191,0.44587648711766126,0.01781437508394218
1216,1,0.9834838325710905,7.378441605474644e-06,0.0027163286998216256,1.0,0.9784355080128903,0.986779590469439,0.008344082456548718
1217,0,0.11602476651917368,5.2625197763989055e-05,0.0072543226950549326,1.0,0.104879438144959,0.1269854902416265,0.02210605209666751
1218,1,0.992543051349575,1.982732570792589e-06,0.001408095369920869,1.0,0.989364015858973,0.9940466532224338,0.004682637363460751
1219,0,0.2136294569448106,0.00011164950389330717,0.010566432884058232,1.0,0.19525277482230297,0.23230667504966496,0.03705390022736199
1220,0,0.11361620198312436,1.044136479673854e-05,0.0032313100743720864,1.0,0.10839102516235936,0.11794948665997866,0.009558461497619297
1221,0,0.15839693020639242,8.590790441076875e-06,0.002931005022356133,1.0,0.15241488117455537,0.163163401017165,0.010748519842609633
1222,1,0.8535346550531614,3.198534513723902e-05,0.005655558782051427,1.0,0.8448029793197972,0.8645451944083765,0.019742215088579318
1223,0,0.3510111237842104,5.672282116049949e-05,0.007531455447687352,1.0,0.3399533451686833,0.36407124042987754,0.024117895261194233
1224,0,0.10827088195001004,2.6877473179869104e-05,0.005184348867492339,1.0,0.10254704689642598,0.11724823253983636,0.014701185643410386
1225,1,0.985855602596058,6.926266408869735e-06,0.002631780083682855,1.0,0.9823681846695932,0.9915129525565846,0.009144767886991367
1226,0,0.11681471064400781,3.309555638100856e-05,0.0057528737497887575,1.0,0.1091626930024207,0.12738804531986772,0.018225352317447027
1227,0,0.27075933072617103,2.375738009058687e-05,0.00487415429490972,1.0,0.26242706244183495,0.2792321936977536,0.01680513125591865
1228,0,0.17308158955225242,3.570180324842267e-05,0.005975098597380856,1.0,0.16432544906156865,0.18838202414998392,0.024056575088415272
1229,0,0.024327413765984882,3.345292782616747e-06,0.0018290141559366747,1.0,0.020871725291586197,0.02735659401839137,0.006484868726805173
1230,0,0.20776954149699517,0.00010815794286188258,0.010399901098658708,1.0,0.19121728340746813,0.22266909192041515,0.031451808512947016
1231,1,0.6504218050143136,0.00011401105318675203,0.010677595852379505,1.0,0.629920070799462,0.6652581048866173,0.0353380340871553
1232,0,0.17647314484573748,5.0145478221766124e-05,0.007081347203870611,1.0,0.16903925446413193,0.18995085849495053,0.020911604030818598
1233,0,0.10888275160961755,2.7894871052323987e-05,0.005281559528427564,1.0,0.10247568936214942,0.11786697979946381,0.015391290437314395
1234,0,0.009643919588833849,1.2486134644519335e-05,0.003533572504494472,1.0,0.004825276750293677,0.014655406835917734,0.009830130085624056
1235,1,0.9807802090332507,1.3380138401446703e-05,0.003657887149905899,1.0,0.971847612606649,0.985499203774737,0.013651591168088006
1236,1,0.6107750863136918,0.0005528765943729627,0.023513328015680016,1.0,0.5712787153334045,0.6476339077286379,0.07635519239523347
1237,1,0.7122532114989937,9.095686733091632e-05,0.009537130980065039,1.0,0.6927687065851873,0.7244778600722811,0.0317091534870938
1238,0,0.1586772867506591,1.590575086349335e-05,0.003988201457235247,1.0,0.1529643701713467,0.1666470955328637,0.01368272536151699
1239,1,0.655561428304114,0.00029274981918547295,0.01710993334836442,1.0,0.6290665239868062,0.6826371020761566,0.053570578089350396
1240,0,0.15064120012620072,9.587474293661171e-06,0.0030963646900294497,1.0,0.14464805588404608,0.15557953202054137,0.010931476136495283
1241,1,0.883401733842162,2.8890063941310752e-05,0.00537494780824063,1.0,0.8734049264701964,0.892840299743957,0.019435373273760548
1242,1,0.9277918155325591,3.3635151640001126e-05,0.005799582022870366,1.0,0.9194406306215797,0.9369388616096405,0.017498230988060803
1243,0,0.1508881586225038,1.2267603096916506e-05,0.0035025138253712155,1.0,0.14724113762998148,0.15875115698577777,0.011510019355796292
1244,0,0.06957162627981721,3.631198854693006e-05,0.0060259429591500505,1.0,0.06090716685205135,0.08487358420815376,0.023966417356102408
1245,1,0.8654264775742876,4.982793551953946e-05,0.007058890530355281,1.0,0.8522515631882511,0.875300769325268,0.023049206137016887
1246,1,0.847520102464199,6.567645678890877e-05,0.00810410123264195,1.0,0.8308797977756988,0.8584152466905227,0.027535448914823957
1247,0,0.1825775619817377,3.088791709892652e-05,0.005557689906690236,1.0,0.1754668203068884,0.1915370696572469,0.0160702493503585
1248,1,0.8658095698320452,1.0206650459855097e-05,0.003194784884754386,1.0,0.8608906197051076,0.8717859160249172,0.010895296319809566
1249,0,0.10452397573295558,3.340927907586476e-05,0.005780076044124745,1.0,0.09389611832815792,0.1167938496865898,0.022897731358431886
1250,0,0.10029760959512224,8.225235522154473e-06,0.0028679671410520853,1.0,0.09626983234212046,0.10460607367563195,0.00833624133351149
1251,1,0.7598590674104002,0.00011672970875928298,0.010804152385045436,1.0,0.7326568856281749,0.771166398189111,0.038509512560936154
1252,0,0.00478621442175885,3.914911700575012e-06,0.0019786135804080117,1.0,0.002218785978701752,0.008774203918069969,0.006555417939368216
1253,1,0.9063359475742996,2.6714335589567195e-05,0.005168591257738146,1.0,0.8963290562499334,0.9122753692511653,0.015946313001231838
1254,1,0.9094612008717787,2.3688451612338923e-05,0.004867078344586095,1.0,0.900643395645409,0.9179730339909883,0.017329638345579323
1255,0,0.11874987949478961,1.864765720709367e-05,0.004318293321104261,1.0,0.11229178770316149,0.1266988612948351,0.014407073591673605
1256,1,0.9489820719853513,1.155908170636731e-05,0.0033998649541367534,1.0,0.9415152301268064,0.9538574802631454,0.01234225013633905
1257,0,0.01617557832053693,5.5003744350759295e-05,0.00741645092687596,1.0,0.007010214672892059,0.031368613826916435,0.024358399154024376
1258,0,0.07391107911122208,1.681850347382417e-05,0.004101036877891269,1.0,0.06805411672654857,0.08142284636126783,0.013368729634719259
1259,0,0.2915829433171521,0.0003990578115962005,0.019976431402935823,1.0,0.26382311269136793,0.32686966604965245,0.06304655335828452
1260,1,0.9276643869974134,3.326255338800062e-05,0.005767369711402298,1.0,0.9193884754518787,0.9368867064399393,0.01749823098806058
1261,0,0.1828862033492161,4.854794659147842e-05,0.006967635652893916,1.0,0.17422208232604386,0.1986981864102257,0.024476104084181854
1262,0,0.12477999970734219,1.804302468388304e-05,0.004247708168398936,1.0,0.11824649010189436,0.1320856165063481,0.013839126404453728
1263,1,0.9866016561986231,3.4699286833594223e-06,0.0018627744585320634,1.0,0.9827864367370065,0.9894889866061966,0.006702549869190055
1264,0,0.14285657204021937,4.45575060938778e-05,0.0066751409044212544,1.0,0.13381937539426045,0.15411257659614372,0.02029320120188327
1265,0,0.12938500195834896,2.1615639593553053e-05,0.0046492622633653455,1.0,0.12136851266212441,0.13630136005537574,0.014932847393251333
1266,1,0.8894935591657056,2.8343835709542492e-05,0.005323892909285694,1.0,0.8793038882030642,0.8974194602603401,0.018115572057275986
1267,1,0.9802052733658059,5.034378638527226e-06,0.002243742106064604,1.0,0.9774625968135485,0.9845969167113435,0.007134319897795005
1268,1,0.5496139377816975,0.0002511153940446745,0.015846620903040322,1.0,0.5270118600885964,0.5771689544735356,0.050157094384939205
1269,0,0.15560207203111845,3.980773537501897e-06,0.001995187594563954,1.0,0.15155988837077652,0.1584922234065691,0.006932335035792575
1270,0,0.17530732955640954,2.456682118861345e-05,0.004956492831490171,1.0,0.16684915282453675,0.18458630219948438,0.017737149374947636
1271,1,0.7326620624633609,0.0004871287781150922,0.02207099404456202,1.0,0.6994213920489002,0.7756674477863211,0.07624605573742094
1272,0,0.10029760959512224,8.225235522154473e-06,0.0028679671410520853,1.0,0.09626983234212046,0.10460607367563195,0.00833624133351149
1273,0,0.15572478068166942,0.00010688657907694963,0.010338596571921628,1.0,0.14245430005547075,0.17563360012139775,0.03317930006592701
1274,1,0.7412548910440719,0.00026996687884954,0.01643066884973159,1.0,0.7091448483430076,0.7654943017539072,0.056349453410899586
1275,1,0.8155809128311576,6.290419087974981e-05,0.007931216229541961,1.0,0.8008250306480575,0.8263749230020382,0.02554989235398064
1276,0,0.14804475867217282,1.2391910058936784e-05,0.0035202144904730994,1.0,0.14181408857361996,0.15304624332334368,0.011232154749723722
1277,1,0.9924948309617395,1.8392052101846043e-07,0.0004288595586185067,1.0,0.9918144106302126,0.9933429377513038,0.0015285271210911944
1278,0,0.1185576735288572,3.4321262348935665e-05,0.0058584351450652475,1.0,0.10827527260815538,0.12865294316588813,0.02037767055773275
1279,0,0.09462678587946444,1.5400616447216232e-05,0.003924361915931841,1.0,0.08807869625433247,0.10097519724849875,0.012896500994166282
1280,0,0.14695260396577542,2.8666613460156876e-05,0.005354121165995113,1.0,0.13921216085512797,0.15711782966036736,0.01790566880523939
1281,0,0.01138062024051895,1.3078532682558769e-05,0.0036164254012157875,1.0,0.0072959851674313835,0.020032904906521907,0.012736919739090524
1282,1,0.8289902393353037,0.00011461269259700887,0.010705731763733335,1.0,0.8097082605569285,0.8428130694880184,0.03310480893108991
1283,1,0.9036028973794579,3.0680368438082856e-05,0.005538986228370933,1.0,0.8942710539031088,0.912096037170797,0.01782498326768822
1284,1,0.5272300652437768,0.00038378850133891285,0.019590520701066445,0.9,0.49702731967697295,0.5696651407503269,0.07263782107335398
1285,0,0.10635958864704978,1.5181090288259077e-05,0.0038962918638442727,1.0,0.09788714808563016,0.11267354833879333,0.014786400253163162
1286,0,0.062708933792568,2.415572184639545e-05,0.004914847082707198,1.0,0.05193109771609586,0.0686024092858472,0.016671311569751338
1287,1,0.9513383716259269,1.0078757457531331e-05,0.0031747058852012308,1.0,0.9447287720643729,0.9548693702606702,0.010140598196297312
1288,0,0.1351238749501925,2.984098791199023e-05,0.0054626905378201895,1.0,0.12305438141727125,0.1429504337572141,0.019896052339942863
1289,1,0.9059443882446192,2.539456252920737e-05,0.005039301789852179,1.0,0.8956224789679963,0.9140867227224794,0.01846424375448308
1290,0,0.12131450334317821,3.194541768956261e-05,0.005652027750247039,1.0,0.11393643545030803,0.1327134919758692,0.018777056525561178
1291,0,0.11088207380108402,2.2111025935718385e-05,0.004702236269661318,1.0,0.10414712750066206,0.11997140167467486,0.015824274174012803
1292,1,0.9840322820747172,7.385345182904705e-06,0.00271759915787901,1.0,0.9782292666963993,0.987519240657301,0.009289973960901698
1293,0,0.09186918236678553,1.0038753374144645e-05,0.003168399181628578,1.0,0.08735975153566067,0.09774081856713175,0.010381067031471083
1294,1,0.9425449421386458,2.013440922650375e-05,0.00448713820006736,1.0,0.9356145271294372,0.9495003073043774,0.013885780174940243
1295,0,0.3479475165323661,0.00012347208913557068,0.01111179954532886,1.0,0.3320594638842609,0.36876536119909625,0.03670589731483537
1296,0,0.22254092102249565,0.000239867352392957,0.015487651610007147,1.0,0.19468471565922352,0.24734249286964194,0.05265777721041842
1297,0,0.20198723742325436,6.35324915968575e-05,0.007970727168637596,1.0,0.19061470500598396,0.21373222263598915,0.02311751763000519
1298,0,0.12057021851975928,1.2832275633100123e-05,0.0035822165809872696,1.0,0.11493390248412648,0.12624499177982443,0.011311089295697949
1299,0,0.14311605973697228,5.638350792973475e-05,0.007508895253613194,1.0,0.13202037827277316,0.15375284173222012,0.02173246345944696
1300,1,0.7354901871519766,8.198428241089605e-05,0.009054517237870612,1.0,0.7215220595782789,0.7540054304018664,0.03248337082358754
1301,1,0.8218402842476303,6.720667984078525e-05,0.008197968031212689,1.0,0.8099863229581473,0.8362152910096884,0.02622896805154107
1302,1,0.7371705345661836,7.188497761361683e-05,0.00847850090603385,1.0,0.7256388610794855,0.7529557234657142,0.027316862386228657
1303,1,0.9327720745317732,2.1025467063080367e-05,0.004585353537414576,1.0,0.9245711124311424,0.9391640821466928,0.014592969715550352
1304,1,0.6431618791541173,0.00022647029152252546,0.015048929912871727,1.0,0.6243146749853737,0.6682429483764408,0.043928273391067085
1305,0,0.10679997497303968,7.421379761557044e-06,0.002724220945803964,1.0,0.10166140879239195,0.11105315287071608,0.009391744078324132
1306,1,0.8869083544563289,0.00013990754939921047,0.011828252170088803,1.0,0.8628075779811382,0.9052742485292926,0.04246667054815445
1307,0,0.07719320714299563,7.102792001958255e-06,0.0026651063772311708,1.0,0.07120258734342037,0.07971325898410493,0.008510671640684558
1308,0,0.1067999749730397,7.421379761557029e-06,0.002724220945803961,1.0,0.101661408792392,0.11105315287071611,0.009391744078324119
1309,1,0.9778152533692561,9.656269626160347e-06,0.0031074538815822105,1.0,0.969436754293716,0.9804869166366679,0.011050162342951864
